Date,Ticker,Close,High,Low,Open
2023-01-09,CEAB3,2.359999895095825,2.390000104904175,2.259999990463257,2.3299999237060547
2023-01-10,CEAB3,2.559999942779541,2.5899999141693115,2.309999942779541,2.3399999141693115
2023-01-11,CEAB3,2.630000114440918,2.680000066757202,2.490000009536743,2.549999952316284
2023-01-12,CEAB3,2.549999952316284,2.630000114440918,2.390000104904175,2.490000009536743
2023-01-13,CEAB3,2.430000066757202,2.609999895095825,2.4000000953674316,2.5299999713897705
2023-01-16,CEAB3,2.7100000381469727,3.130000114440918,2.5,3.0
2023-01-17,CEAB3,2.609999895095825,2.9100000858306885,2.5299999713897705,2.6600000858306885
2023-01-18,CEAB3,2.549999952316284,2.7200000286102295,2.5299999713897705,2.6500000953674316
2023-01-19,CEAB3,2.5,2.5999999046325684,2.4700000286102295,2.5
2023-01-20,CEAB3,3.069999933242798,3.0799999237060547,2.5,2.509999990463257
2023-01-23,CEAB3,2.799999952316284,3.059999942779541,2.7799999713897705,3.059999942779541
2023-01-24,CEAB3,2.819999933242798,2.950000047683716,2.7799999713897705,2.809999942779541
2023-01-25,CEAB3,2.940000057220459,3.0399999618530273,2.799999952316284,2.819999933242798
2023-01-26,CEAB3,2.9800000190734863,3.009999990463257,2.9000000953674316,2.9000000953674316
2023-01-27,CEAB3,3.109999895095825,3.200000047683716,2.950000047683716,2.9800000190734863
2023-01-30,CEAB3,2.890000104904175,3.1500000953674316,2.869999885559082,3.140000104904175
2023-01-31,CEAB3,2.9800000190734863,3.0299999713897705,2.809999942779541,2.890000104904175
2023-02-01,CEAB3,3.059999942779541,3.109999895095825,2.940000057220459,2.9700000286102295
2023-02-02,CEAB3,3.059999942779541,3.140000104904175,3.009999990463257,3.0399999618530273
2023-02-03,CEAB3,2.9000000953674316,3.049999952316284,2.9000000953674316,3.049999952316284
2023-02-06,CEAB3,2.7100000381469727,2.9200000762939453,2.690000057220459,2.9000000953674316
2023-02-07,CEAB3,2.609999895095825,2.7899999618530273,2.609999895095825,2.7100000381469727
2023-02-08,CEAB3,2.559999942779541,2.6500000953674316,2.450000047683716,2.630000114440918
2023-02-09,CEAB3,2.4100000858306885,2.609999895095825,2.4100000858306885,2.559999942779541
2023-02-10,CEAB3,2.2799999713897705,2.4200000762939453,2.25,2.4000000953674316
2023-02-13,CEAB3,2.2899999618530273,2.3399999141693115,2.1600000858306885,2.2799999713897705
2023-02-14,CEAB3,2.2200000286102295,2.369999885559082,2.190000057220459,2.2899999618530273
2023-02-15,CEAB3,2.299999952316284,2.3399999141693115,2.190000057220459,2.2300000190734863
2023-02-16,CEAB3,2.25,2.3399999141693115,2.2300000190734863,2.2899999618530273
2023-02-17,CEAB3,2.140000104904175,2.2899999618530273,2.140000104904175,2.240000009536743
2023-02-22,CEAB3,2.0199999809265137,2.1600000858306885,2.009999990463257,2.140000104904175
2023-02-23,CEAB3,2.0399999618530273,2.059999942779541,1.9800000190734863,2.0199999809265137
2023-02-24,CEAB3,2.009999990463257,2.0999999046325684,2.009999990463257,2.049999952316284
2023-02-27,CEAB3,2.0299999713897705,2.069999933242798,1.9800000190734863,1.9900000095367432
2023-02-28,CEAB3,2.0199999809265137,2.109999895095825,2.0199999809265137,2.0399999618530273
2023-03-01,CEAB3,1.940000057220459,2.0799999237060547,1.8799999952316284,2.0299999713897705
2023-03-02,CEAB3,2.180000066757202,2.3399999141693115,2.1500000953674316,2.319999933242798
2023-03-03,CEAB3,2.7200000286102295,2.799999952316284,2.180000066757202,2.2100000381469727
2023-03-06,CEAB3,2.890000104904175,2.9000000953674316,2.6500000953674316,2.7699999809265137
2023-03-07,CEAB3,2.9600000381469727,3.0399999618530273,2.8499999046325684,2.859999895095825
2023-03-08,CEAB3,3.109999895095825,3.1700000762939453,2.940000057220459,2.950000047683716
2023-03-09,CEAB3,3.0,3.1700000762939453,2.9200000762939453,3.109999895095825
2023-03-10,CEAB3,2.9800000190734863,3.0399999618530273,2.859999895095825,2.990000009536743
2023-03-13,CEAB3,3.0999999046325684,3.190000057220459,2.859999895095825,2.930000066757202
2023-03-14,CEAB3,2.869999885559082,3.140000104904175,2.8499999046325684,3.0999999046325684
2023-03-15,CEAB3,3.0,3.0299999713897705,2.7799999713897705,2.799999952316284
2023-03-16,CEAB3,2.9800000190734863,3.049999952316284,2.940000057220459,3.0
2023-03-17,CEAB3,2.8399999141693115,2.990000009536743,2.8399999141693115,2.9800000190734863
2023-03-20,CEAB3,2.7300000190734863,2.859999895095825,2.7100000381469727,2.819999933242798
2023-03-21,CEAB3,2.7300000190734863,2.7699999809265137,2.700000047683716,2.75
2023-03-22,CEAB3,2.7100000381469727,2.859999895095825,2.640000104904175,2.7200000286102295
2023-03-23,CEAB3,2.5999999046325684,2.7200000286102295,2.509999990463257,2.7100000381469727
2023-03-24,CEAB3,2.569999933242798,2.6500000953674316,2.4100000858306885,2.5999999046325684
2023-03-27,CEAB3,2.7300000190734863,2.7899999618530273,2.5799999237060547,2.5799999237060547
2023-03-28,CEAB3,2.9000000953674316,2.9200000762939453,2.6600000858306885,2.700000047683716
2023-03-29,CEAB3,2.809999942779541,2.9200000762939453,2.740000009536743,2.9000000953674316
2023-03-30,CEAB3,2.890000104904175,3.0199999809265137,2.819999933242798,2.8499999046325684
2023-03-31,CEAB3,2.7899999618530273,2.940000057220459,2.7200000286102295,2.859999895095825
2023-04-03,CEAB3,2.8399999141693115,2.8399999141693115,2.7100000381469727,2.809999942779541
2023-04-04,CEAB3,2.6500000953674316,2.880000114440918,2.6500000953674316,2.8299999237060547
2023-04-05,CEAB3,2.6500000953674316,2.799999952316284,2.5899999141693115,2.700000047683716
2023-04-06,CEAB3,2.6700000762939453,2.700000047683716,2.619999885559082,2.6500000953674316
2023-04-10,CEAB3,2.6700000762939453,2.75,2.640000104904175,2.700000047683716
2023-04-11,CEAB3,2.950000047683716,2.9800000190734863,2.7100000381469727,2.7300000190734863
2023-04-12,CEAB3,3.059999942779541,3.109999895095825,2.990000009536743,3.0
2023-04-13,CEAB3,3.109999895095825,3.2300000190734863,2.990000009536743,3.059999942779541
2023-04-14,CEAB3,3.059999942779541,3.140000104904175,3.0,3.119999885559082
2023-04-17,CEAB3,3.009999990463257,3.0999999046325684,3.009999990463257,3.0299999713897705
2023-04-18,CEAB3,2.9100000858306885,3.0799999237060547,2.8499999046325684,3.059999942779541
2023-04-19,CEAB3,2.700000047683716,2.9000000953674316,2.6700000762939453,2.8499999046325684
2023-04-20,CEAB3,2.7799999713897705,2.8399999141693115,2.640000104904175,2.7100000381469727
2023-04-24,CEAB3,2.8399999141693115,2.869999885559082,2.75,2.7699999809265137
2023-04-25,CEAB3,2.700000047683716,2.819999933242798,2.680000066757202,2.809999942779541
2023-04-26,CEAB3,2.740000009536743,2.7899999618530273,2.630000114440918,2.700000047683716
2023-04-27,CEAB3,2.700000047683716,2.75,2.6500000953674316,2.75
2023-04-28,CEAB3,2.7799999713897705,2.859999895095825,2.6600000858306885,2.690000057220459
2023-05-02,CEAB3,2.930000066757202,3.0,2.640000104904175,2.7799999713897705
2023-05-03,CEAB3,2.950000047683716,3.069999933242798,2.859999895095825,2.9700000286102295
2023-05-04,CEAB3,3.0799999237060547,3.130000114440918,2.950000047683716,2.9700000286102295
2023-05-05,CEAB3,3.2799999713897705,3.2899999618530273,3.0799999237060547,3.109999895095825
2023-05-08,CEAB3,3.4100000858306885,3.490000009536743,3.2899999618530273,3.299999952316284
2023-05-09,CEAB3,3.5,3.5999999046325684,3.3399999141693115,3.380000114440918
2023-05-10,CEAB3,3.680000066757202,3.7100000381469727,3.490000009536743,3.490000009536743
2023-05-11,CEAB3,3.799999952316284,3.799999952316284,3.619999885559082,3.6500000953674316
2023-05-12,CEAB3,3.8399999141693115,3.9800000190734863,3.5299999713897705,3.559999942779541
2023-05-15,CEAB3,3.990000009536743,4.03000020980835,3.7100000381469727,3.869999885559082
2023-05-16,CEAB3,3.930000066757202,4.010000228881836,3.8499999046325684,3.990000009536743
2023-05-17,CEAB3,4.28000020980835,4.28000020980835,3.9600000381469727,3.9800000190734863
2023-05-18,CEAB3,4.309999942779541,4.320000171661377,4.090000152587891,4.269999980926514
2023-05-19,CEAB3,4.25,4.440000057220459,4.199999809265137,4.360000133514404
2023-05-22,CEAB3,4.28000020980835,4.360000133514404,4.210000038146973,4.260000228881836
2023-05-23,CEAB3,4.300000190734863,4.510000228881836,4.230000019073486,4.239999771118164
2023-05-24,CEAB3,4.239999771118164,4.440000057220459,4.119999885559082,4.28000020980835
2023-05-25,CEAB3,4.480000019073486,4.489999771118164,4.300000190734863,4.360000133514404
2023-05-26,CEAB3,4.510000228881836,4.579999923706055,4.360000133514404,4.5
2023-05-29,CEAB3,4.519999980926514,4.570000171661377,4.409999847412109,4.559999942779541
2023-05-30,CEAB3,4.360000133514404,4.630000114440918,4.329999923706055,4.610000133514404
2023-05-31,CEAB3,4.599999904632568,4.599999904632568,4.300000190734863,4.320000171661377
2023-06-01,CEAB3,5.340000152587891,5.340000152587891,4.519999980926514,4.599999904632568
2023-06-02,CEAB3,5.090000152587891,5.5,5.039999961853027,5.429999828338623
2023-06-05,CEAB3,5.099999904632568,5.150000095367432,4.800000190734863,5.070000171661377
2023-06-06,CEAB3,4.96999979019165,5.239999771118164,4.949999809265137,5.139999866485596
2023-06-07,CEAB3,4.809999942779541,5.099999904632568,4.699999809265137,5.039999961853027
2023-06-09,CEAB3,4.75,4.909999847412109,4.679999828338623,4.860000133514404
2023-06-12,CEAB3,4.900000095367432,5.070000171661377,4.659999847412109,4.760000228881836
2023-06-13,CEAB3,4.679999828338623,5.010000228881836,4.619999885559082,4.949999809265137
2023-06-14,CEAB3,5.21999979019165,5.239999771118164,4.619999885559082,4.730000019073486
2023-06-15,CEAB3,4.980000019073486,5.320000171661377,4.809999942779541,5.25
2023-06-16,CEAB3,4.820000171661377,5.0,4.760000228881836,4.929999828338623
2023-06-19,CEAB3,4.929999828338623,4.96999979019165,4.789999961853027,4.820000171661377
2023-06-20,CEAB3,5.260000228881836,5.320000171661377,4.869999885559082,4.929999828338623
2023-06-21,CEAB3,5.349999904632568,5.440000057220459,5.179999828338623,5.260000228881836
2023-06-22,CEAB3,5.199999809265137,5.300000190734863,5.010000228881836,5.190000057220459
2023-06-23,CEAB3,5.429999828338623,5.5,5.119999885559082,5.25
2023-06-26,CEAB3,5.369999885559082,5.420000076293945,5.25,5.420000076293945
2023-06-27,CEAB3,5.21999979019165,5.739999771118164,5.090000152587891,5.5
2023-06-28,CEAB3,5.289999961853027,5.519999980926514,5.139999866485596,5.179999828338623
2023-06-29,CEAB3,5.5,5.519999980926514,5.289999961853027,5.329999923706055
2023-06-30,CEAB3,5.429999828338623,5.739999771118164,5.369999885559082,5.570000171661377
2023-07-03,CEAB3,5.389999866485596,5.489999771118164,5.269999980926514,5.449999809265137
2023-07-04,CEAB3,5.510000228881836,5.550000190734863,5.320000171661377,5.389999866485596
2023-07-05,CEAB3,5.760000228881836,5.820000171661377,5.420000076293945,5.460000038146973
2023-07-06,CEAB3,5.550000190734863,5.699999809265137,5.5,5.679999828338623
2023-07-07,CEAB3,5.739999771118164,5.800000190734863,5.550000190734863,5.590000152587891
2023-07-10,CEAB3,5.570000171661377,5.739999771118164,5.539999961853027,5.730000019073486
2023-07-11,CEAB3,5.559999942779541,5.579999923706055,5.300000190734863,5.570000171661377
2023-07-12,CEAB3,5.809999942779541,6.079999923706055,5.650000095367432,5.650000095367432
2023-07-13,CEAB3,5.559999942779541,5.949999809265137,5.449999809265137,5.820000171661377
2023-07-14,CEAB3,4.889999866485596,5.349999904632568,4.78000020980835,5.300000190734863
2023-07-17,CEAB3,5.170000076293945,5.179999828338623,4.840000152587891,4.880000114440918
2023-07-18,CEAB3,5.420000076293945,5.5,5.139999866485596,5.150000095367432
2023-07-19,CEAB3,5.380000114440918,5.46999979019165,5.320000171661377,5.409999847412109
2023-07-20,CEAB3,5.320000171661377,5.460000038146973,5.21999979019165,5.409999847412109
2023-07-21,CEAB3,5.489999771118164,5.639999866485596,5.300000190734863,5.300000190734863
2023-07-24,CEAB3,5.489999771118164,5.570000171661377,5.329999923706055,5.53000020980835
2023-07-25,CEAB3,5.489999771118164,5.75,5.449999809265137,5.559999942779541
2023-07-26,CEAB3,5.599999904632568,5.630000114440918,5.409999847412109,5.489999771118164
2023-07-27,CEAB3,5.480000019073486,5.659999847412109,5.449999809265137,5.619999885559082
2023-07-28,CEAB3,5.5,5.550000190734863,5.440000057220459,5.550000190734863
2023-07-31,CEAB3,5.699999809265137,5.880000114440918,5.550000190734863,5.550000190734863
2023-08-01,CEAB3,5.909999847412109,5.920000076293945,5.449999809265137,5.650000095367432
2023-08-02,CEAB3,5.820000171661377,6.019999980926514,5.690000057220459,5.96999979019165
2023-08-03,CEAB3,5.829999923706055,6.079999923706055,5.78000020980835,5.960000038146973
2023-08-04,CEAB3,6.139999866485596,6.170000076293945,5.800000190734863,5.809999942779541
2023-08-07,CEAB3,5.829999923706055,6.170000076293945,5.809999942779541,6.170000076293945
2023-08-08,CEAB3,5.739999771118164,5.880000114440918,5.550000190734863,5.78000020980835
2023-08-09,CEAB3,5.699999809265137,5.949999809265137,5.670000076293945,5.739999771118164
2023-08-10,CEAB3,5.840000152587891,5.929999828338623,5.78000020980835,5.800000190734863
2023-08-11,CEAB3,6.699999809265137,6.900000095367432,5.920000076293945,6.179999828338623
2023-08-14,CEAB3,6.619999885559082,6.860000133514404,6.53000020980835,6.699999809265137
2023-08-15,CEAB3,6.559999942779541,6.690000057220459,6.300000190734863,6.599999904632568
2023-08-16,CEAB3,6.429999828338623,6.630000114440918,6.28000020980835,6.579999923706055
2023-08-17,CEAB3,6.170000076293945,6.53000020980835,6.130000114440918,6.510000228881836
2023-08-18,CEAB3,6.230000019073486,6.369999885559082,5.820000171661377,6.119999885559082
2023-08-21,CEAB3,5.989999771118164,6.21999979019165,5.960000038146973,6.190000057220459
2023-08-22,CEAB3,6.139999866485596,6.159999847412109,5.900000095367432,6.070000171661377
2023-08-23,CEAB3,6.480000019073486,6.550000190734863,6.119999885559082,6.199999809265137
2023-08-24,CEAB3,6.429999828338623,6.610000133514404,6.360000133514404,6.480000019073486
2023-08-25,CEAB3,5.980000019073486,6.429999828338623,5.980000019073486,6.409999847412109
2023-08-28,CEAB3,5.659999847412109,6.039999961853027,5.46999979019165,6.03000020980835
2023-08-29,CEAB3,5.690000057220459,5.820000171661377,5.46999979019165,5.679999828338623
2023-08-30,CEAB3,5.5,5.71999979019165,5.460000038146973,5.699999809265137
2023-08-31,CEAB3,5.349999904632568,5.489999771118164,5.300000190734863,5.489999771118164
2023-09-01,CEAB3,5.619999885559082,5.639999866485596,5.320000171661377,5.400000095367432
2023-09-04,CEAB3,5.480000019073486,5.699999809265137,5.400000095367432,5.650000095367432
2023-09-05,CEAB3,5.420000076293945,5.489999771118164,5.300000190734863,5.449999809265137
2023-09-06,CEAB3,5.440000057220459,5.570000171661377,5.400000095367432,5.400000095367432
2023-09-08,CEAB3,5.320000171661377,5.460000038146973,5.309999942779541,5.429999828338623
2023-09-11,CEAB3,5.360000133514404,5.460000038146973,5.260000228881836,5.380000114440918
2023-09-12,CEAB3,5.510000228881836,5.570000171661377,5.360000133514404,5.360000133514404
2023-09-13,CEAB3,5.599999904632568,5.800000190734863,5.429999828338623,5.5
2023-09-14,CEAB3,5.519999980926514,5.659999847412109,5.449999809265137,5.650000095367432
2023-09-15,CEAB3,5.179999828338623,5.559999942779541,5.110000133514404,5.539999961853027
2023-09-18,CEAB3,5.21999979019165,5.320000171661377,5.099999904632568,5.150000095367432
2023-09-19,CEAB3,5.119999885559082,5.230000019073486,5.119999885559082,5.210000038146973
2023-09-20,CEAB3,5.420000076293945,5.579999923706055,5.139999866485596,5.150000095367432
2023-09-21,CEAB3,5.190000057220459,5.389999866485596,5.190000057220459,5.309999942779541
2023-09-22,CEAB3,5.099999904632568,5.309999942779541,5.099999904632568,5.25
2023-09-25,CEAB3,5.019999980926514,5.090000152587891,4.920000076293945,4.989999771118164
2023-09-26,CEAB3,4.900000095367432,5.21999979019165,4.820000171661377,4.989999771118164
2023-09-27,CEAB3,4.989999771118164,5.179999828338623,4.800000190734863,4.949999809265137
2023-09-28,CEAB3,5.25,5.309999942779541,4.929999828338623,4.980000019073486
2023-09-29,CEAB3,5.5,5.559999942779541,5.329999923706055,5.349999904632568
2023-10-02,CEAB3,5.119999885559082,5.489999771118164,5.119999885559082,5.489999771118164
2023-10-03,CEAB3,4.710000038146973,5.099999904632568,4.699999809265137,5.039999961853027
2023-10-04,CEAB3,5.090000152587891,5.139999866485596,4.769999980926514,4.769999980926514
2023-10-05,CEAB3,4.949999809265137,5.230000019073486,4.940000057220459,5.099999904632568
2023-10-06,CEAB3,5.059999942779541,5.139999866485596,4.760000228881836,4.809999942779541
2023-10-09,CEAB3,4.980000019073486,5.03000020980835,4.829999923706055,4.980000019073486
2023-10-10,CEAB3,5.28000020980835,5.400000095367432,5.03000020980835,5.03000020980835
2023-10-11,CEAB3,5.289999961853027,5.380000114440918,5.150000095367432,5.340000152587891
2023-10-13,CEAB3,5.0,5.210000038146973,5.0,5.210000038146973
2023-10-16,CEAB3,5.119999885559082,5.170000076293945,4.940000057220459,5.059999942779541
2023-10-17,CEAB3,5.099999904632568,5.25,5.019999980926514,5.079999923706055
2023-10-18,CEAB3,4.920000076293945,5.099999904632568,4.820000171661377,5.070000171661377
2023-10-19,CEAB3,4.96999979019165,5.119999885559082,4.860000133514404,4.929999828338623
2023-10-20,CEAB3,4.960000038146973,5.059999942779541,4.880000114440918,4.920000076293945
2023-10-23,CEAB3,5.059999942779541,5.130000114440918,4.849999904632568,4.880000114440918
2023-10-24,CEAB3,5.139999866485596,5.230000019073486,5.039999961853027,5.110000133514404
2023-10-25,CEAB3,5.0,5.190000057220459,4.920000076293945,5.150000095367432
2023-10-26,CEAB3,5.230000019073486,5.300000190734863,5.019999980926514,5.019999980926514
2023-10-27,CEAB3,5.199999809265137,5.429999828338623,5.150000095367432,5.239999771118164
2023-10-30,CEAB3,4.940000057220459,5.25,4.929999828338623,5.210000038146973
2023-10-31,CEAB3,5.159999847412109,5.159999847412109,4.800000190734863,5.0
2023-11-01,CEAB3,5.239999771118164,5.289999961853027,5.079999923706055,5.159999847412109
2023-11-03,CEAB3,5.760000228881836,5.840000152587891,5.389999866485596,5.389999866485596
2023-11-06,CEAB3,5.71999979019165,6.090000152587891,5.650000095367432,5.820000171661377
2023-11-07,CEAB3,5.78000020980835,5.980000019073486,5.650000095367432,5.670000076293945
2023-11-08,CEAB3,6.019999980926514,6.079999923706055,5.800000190734863,5.800000190734863
2023-11-09,CEAB3,6.130000114440918,6.25,5.909999847412109,6.090000152587891
2023-11-10,CEAB3,7.239999771118164,7.420000076293945,6.46999979019165,6.5
2023-11-13,CEAB3,7.429999828338623,7.789999961853027,7.139999866485596,7.210000038146973
2023-11-14,CEAB3,7.440000057220459,7.869999885559082,7.409999847412109,7.440000057220459
2023-11-16,CEAB3,8.029999732971191,8.25,7.230000019073486,7.400000095367432
2023-11-17,CEAB3,8.329999923706055,8.399999618530273,8.0,8.09000015258789
2023-11-20,CEAB3,8.260000228881836,8.470000267028809,8.229999542236328,8.399999618530273
2023-11-21,CEAB3,8.100000381469727,8.229999542236328,7.949999809265137,8.229999542236328
2023-11-22,CEAB3,7.960000038146973,8.319999694824219,7.960000038146973,8.100000381469727
2023-11-23,CEAB3,7.739999771118164,7.989999771118164,7.739999771118164,7.980000019073486
2023-11-24,CEAB3,7.769999980926514,7.920000076293945,7.440000057220459,7.71999979019165
2023-11-27,CEAB3,7.579999923706055,7.820000171661377,7.579999923706055,7.800000190734863
2023-11-28,CEAB3,7.760000228881836,7.880000114440918,7.5,7.579999923706055
2023-11-29,CEAB3,8.119999885559082,8.470000267028809,7.820000171661377,7.869999885559082
2023-11-30,CEAB3,8.130000114440918,8.5,8.050000190734863,8.149999618530273
2023-12-01,CEAB3,8.619999885559082,8.630000114440918,8.109999656677246,8.220000267028809
2023-12-04,CEAB3,8.1899995803833,8.579999923706055,8.140000343322754,8.579999923706055
2023-12-05,CEAB3,8.239999771118164,8.609999656677246,8.220000267028809,8.220000267028809
2023-12-06,CEAB3,8.09000015258789,8.390000343322754,8.010000228881836,8.319999694824219
2023-12-07,CEAB3,8.34000015258789,8.40999984741211,8.079999923706055,8.15999984741211
2023-12-08,CEAB3,8.420000076293945,8.510000228881836,8.270000457763672,8.399999618530273
2023-12-11,CEAB3,8.369999885559082,8.609999656677246,8.319999694824219,8.399999618530273
2023-12-12,CEAB3,8.569999694824219,8.779999732971191,8.369999885559082,8.369999885559082
2023-12-13,CEAB3,8.789999961853027,8.800000190734863,8.34000015258789,8.569999694824219
2023-12-14,CEAB3,8.6899995803833,9.140000343322754,8.539999961853027,8.850000381469727
2023-12-15,CEAB3,8.199999809265137,8.760000228881836,8.199999809265137,8.699999809265137
2023-12-18,CEAB3,8.119999885559082,8.380000114440918,8.09000015258789,8.199999809265137
2023-12-19,CEAB3,7.789999961853027,8.279999732971191,7.739999771118164,8.15999984741211
2023-12-20,CEAB3,8.079999923706055,8.300000190734863,7.809999942779541,7.849999904632568
2023-12-21,CEAB3,8.180000305175781,8.350000381469727,8.079999923706055,8.140000343322754
2023-12-22,CEAB3,8.020000457763672,8.260000228881836,7.929999828338623,8.180000305175781
2023-12-26,CEAB3,7.829999923706055,8.109999656677246,7.820000171661377,8.050000190734863
2023-12-27,CEAB3,7.889999866485596,8.0,7.789999961853027,7.849999904632568
2023-12-28,CEAB3,7.829999923706055,7.980000019073486,7.75,7.880000114440918
2024-01-02,CEAB3,7.519999980926514,7.860000133514404,7.449999809265137,7.849999904632568
2024-01-03,CEAB3,7.519999980926514,7.679999828338623,7.380000114440918,7.5
2024-01-04,CEAB3,7.260000228881836,7.489999771118164,7.25,7.46999979019165
2024-01-05,CEAB3,7.239999771118164,7.489999771118164,7.170000076293945,7.21999979019165
2024-01-08,CEAB3,7.400000095367432,7.449999809265137,7.190000057220459,7.210000038146973
2023-01-09,PETR4,23.8700008392334,24.0,23.25,23.5
2023-01-10,PETR4,24.09000015258789,24.110000610351562,23.3700008392334,23.950000762939453
2023-01-11,PETR4,24.280000686645508,24.6200008392334,24.049999237060547,24.149999618530273
2023-01-12,PETR4,24.6299991607666,24.649999618530273,24.110000610351562,24.290000915527344
2023-01-13,PETR4,24.56999969482422,24.65999984741211,24.25,24.440000534057617
2023-01-16,PETR4,24.040000915527344,24.5,23.829999923706055,24.40999984741211
2023-01-17,PETR4,25.520000457763672,25.6200008392334,24.110000610351562,24.110000610351562
2023-01-18,PETR4,25.06999969482422,26.030000686645508,25.0,25.84000015258789
2023-01-19,PETR4,25.889999389648438,25.950000762939453,24.790000915527344,25.0
2023-01-20,PETR4,26.3700008392334,26.600000381469727,25.420000076293945,25.889999389648438
2023-01-23,PETR4,26.790000915527344,27.600000381469727,26.1299991607666,26.270000457763672
2023-01-24,PETR4,26.600000381469727,27.530000686645508,26.3700008392334,27.469999313354492
2023-01-25,PETR4,26.940000534057617,27.079999923706055,26.010000228881836,26.549999237060547
2023-01-26,PETR4,26.25,27.200000762939453,25.799999237060547,27.09000015258789
2023-01-27,PETR4,25.6200008392334,26.229999542236328,25.440000534057617,26.18000030517578
2023-01-30,PETR4,25.75,26.06999969482422,25.510000228881836,25.850000381469727
2023-01-31,PETR4,26.06999969482422,26.209999084472656,25.520000457763672,25.6299991607666
2023-02-01,PETR4,25.709999084472656,26.479999542236328,25.450000762939453,26.06999969482422
2023-02-02,PETR4,24.520000457763672,25.809999465942383,24.420000076293945,25.510000228881836
2023-02-03,PETR4,24.790000915527344,25.3799991607666,24.420000076293945,24.540000915527344
2023-02-06,PETR4,25.780000686645508,25.8700008392334,24.75,24.8700008392334
2023-02-07,PETR4,25.6200008392334,26.139999389648438,25.459999084472656,25.90999984741211
2023-02-08,PETR4,26.049999237060547,26.149999618530273,25.559999465942383,25.799999237060547
2023-02-09,PETR4,25.93000030517578,26.31999969482422,25.790000915527344,26.049999237060547
2023-02-10,PETR4,26.719999313354492,26.790000915527344,25.93000030517578,25.979999542236328
2023-02-13,PETR4,26.799999237060547,26.889999389648438,26.3700008392334,26.690000534057617
2023-02-14,PETR4,26.700000762939453,27.059999465942383,26.600000381469727,26.850000381469727
2023-02-15,PETR4,26.739999771118164,26.799999237060547,26.299999237060547,26.579999923706055
2023-02-16,PETR4,26.850000381469727,26.950000762939453,26.489999771118164,26.600000381469727
2023-02-17,PETR4,26.440000534057617,26.670000076293945,26.3700008392334,26.670000076293945
2023-02-22,PETR4,25.760000228881836,26.110000610351562,25.690000534057617,26.0
2023-02-23,PETR4,26.549999237060547,26.790000915527344,25.770000457763672,25.770000457763672
2023-02-24,PETR4,25.899999618530273,26.700000762939453,25.8700008392334,26.670000076293945
2023-02-27,PETR4,26.149999618530273,26.739999771118164,25.809999465942383,25.84000015258789
2023-02-28,PETR4,25.239999771118164,26.920000076293945,25.239999771118164,26.209999084472656
2023-03-01,PETR4,25.299999237060547,25.43000030517578,24.190000534057617,25.309999465942383
2023-03-02,PETR4,24.639999389648438,25.670000076293945,24.3700008392334,25.420000076293945
2023-03-03,PETR4,25.700000762939453,25.739999771118164,24.450000762939453,24.829999923706055
2023-03-06,PETR4,25.959999084472656,26.1200008392334,25.3700008392334,25.700000762939453
2023-03-07,PETR4,25.100000381469727,25.780000686645508,24.93000030517578,25.719999313354492
2023-03-08,PETR4,25.420000076293945,25.920000076293945,25.1299991607666,25.149999618530273
2023-03-09,PETR4,25.309999465942383,26.229999542236328,25.280000686645508,25.350000381469727
2023-03-10,PETR4,24.979999542236328,25.579999923706055,24.940000534057617,25.15999984741211
2023-03-13,PETR4,24.190000534057617,24.860000610351562,24.100000381469727,24.549999237060547
2023-03-14,PETR4,23.760000228881836,24.729999542236328,23.600000381469727,24.280000686645508
2023-03-15,PETR4,23.34000015258789,23.479999542236328,22.799999237060547,23.329999923706055
2023-03-16,PETR4,23.260000228881836,23.520000457763672,22.969999313354492,23.399999618530273
2023-03-17,PETR4,23.510000228881836,23.510000228881836,22.860000610351562,23.100000381469727
2023-03-20,PETR4,22.93000030517578,23.649999618530273,22.889999389648438,23.510000228881836
2023-03-21,PETR4,23.399999618530273,23.600000381469727,23.079999923706055,23.200000762939453
2023-03-22,PETR4,23.329999923706055,23.6200008392334,23.040000915527344,23.389999389648438
2023-03-23,PETR4,22.799999237060547,23.670000076293945,22.59000015258789,23.3700008392334
2023-03-24,PETR4,22.790000915527344,23.1299991607666,22.479999542236328,22.709999084472656
2023-03-27,PETR4,23.18000030517578,23.360000610351562,22.829999923706055,23.110000610351562
2023-03-28,PETR4,23.59000015258789,23.639999389648438,23.149999618530273,23.219999313354492
2023-03-29,PETR4,23.899999618530273,24.040000915527344,23.469999313354492,23.709999084472656
2023-03-30,PETR4,23.969999313354492,24.280000686645508,23.68000030517578,24.25
2023-03-31,PETR4,23.450000762939453,24.219999313354492,23.209999084472656,24.0
2023-04-03,PETR4,24.489999771118164,24.5,23.799999237060547,24.09000015258789
2023-04-04,PETR4,24.270000457763672,24.760000228881836,24.100000381469727,24.6299991607666
2023-04-05,PETR4,24.350000381469727,24.530000686645508,23.270000457763672,24.190000534057617
2023-04-06,PETR4,24.0,24.420000076293945,23.950000762939453,24.34000015258789
2023-04-10,PETR4,24.510000228881836,24.65999984741211,24.030000686645508,24.030000686645508
2023-04-11,PETR4,25.65999984741211,25.700000762939453,24.6299991607666,24.700000762939453
2023-04-12,PETR4,25.850000381469727,26.149999618530273,25.18000030517578,25.979999542236328
2023-04-13,PETR4,26.030000686645508,26.09000015258789,25.799999237060547,25.850000381469727
2023-04-14,PETR4,26.299999237060547,26.399999618530273,25.719999313354492,25.799999237060547
2023-04-17,PETR4,26.709999084472656,26.799999237060547,26.209999084472656,26.239999771118164
2023-04-18,PETR4,27.389999389648438,27.6200008392334,26.520000457763672,26.709999084472656
2023-04-19,PETR4,26.510000228881836,27.309999465942383,26.450000762939453,27.15999984741211
2023-04-20,PETR4,26.690000534057617,26.979999542236328,26.290000915527344,26.520000457763672
2023-04-24,PETR4,27.200000762939453,27.260000228881836,26.5,26.600000381469727
2023-04-25,PETR4,27.09000015258789,27.5,26.719999313354492,27.15999984741211
2023-04-26,PETR4,26.75,27.219999313354492,26.75,27.1200008392334
2023-04-27,PETR4,26.100000381469727,27.18000030517578,25.90999984741211,26.850000381469727
2023-04-28,PETR4,23.700000762939453,24.049999237060547,23.149999618530273,23.600000381469727
2023-05-02,PETR4,22.739999771118164,23.739999771118164,22.639999389648438,23.700000762939453
2023-05-03,PETR4,22.65999984741211,22.989999771118164,22.420000076293945,22.600000381469727
2023-05-04,PETR4,23.020000457763672,23.3799991607666,22.610000610351562,22.889999389648438
2023-05-05,PETR4,24.0,24.170000076293945,23.18000030517578,23.299999237060547
2023-05-08,PETR4,24.510000228881836,24.6299991607666,24.209999084472656,24.450000762939453
2023-05-09,PETR4,24.59000015258789,24.799999237060547,24.239999771118164,24.40999984741211
2023-05-10,PETR4,24.530000686645508,24.81999969482422,24.329999923706055,24.59000015258789
2023-05-11,PETR4,25.43000030517578,25.479999542236328,23.93000030517578,24.1299991607666
2023-05-12,PETR4,26.25,26.739999771118164,25.479999542236328,25.579999923706055
2023-05-15,PETR4,25.65999984741211,26.149999618530273,25.399999618530273,26.059999465942383
2023-05-16,PETR4,26.299999237060547,27.030000686645508,26.079999923706055,26.110000610351562
2023-05-17,PETR4,25.65999984741211,26.760000228881836,25.510000228881836,26.600000381469727
2023-05-18,PETR4,25.809999465942383,25.850000381469727,25.350000381469727,25.59000015258789
2023-05-19,PETR4,25.770000457763672,26.18000030517578,25.639999389648438,26.079999923706055
2023-05-22,PETR4,25.6200008392334,26.010000228881836,25.5,25.8799991607666
2023-05-23,PETR4,26.25,26.43000030517578,25.520000457763672,25.649999618530273
2023-05-24,PETR4,26.649999618530273,26.899999618530273,26.049999237060547,26.25
2023-05-25,PETR4,26.450000762939453,26.84000015258789,26.190000534057617,26.799999237060547
2023-05-26,PETR4,26.799999237060547,26.90999984741211,26.530000686645508,26.809999465942383
2023-05-29,PETR4,26.690000534057617,26.81999969482422,26.559999465942383,26.75
2023-05-30,PETR4,26.389999389648438,26.799999237060547,26.260000228881836,26.719999313354492
2023-05-31,PETR4,26.1200008392334,26.360000610351562,25.8700008392334,26.270000457763672
2023-06-01,PETR4,26.959999084472656,27.0,26.15999984741211,26.299999237060547
2023-06-02,PETR4,27.18000030517578,27.600000381469727,27.110000610351562,27.43000030517578
2023-06-05,PETR4,27.469999313354492,27.559999465942383,27.229999542236328,27.540000915527344
2023-06-06,PETR4,28.049999237060547,28.25,27.209999084472656,27.450000762939453
2023-06-07,PETR4,28.8700008392334,29.059999465942383,28.43000030517578,28.649999618530273
2023-06-09,PETR4,30.280000686645508,30.389999389648438,29.020000457763672,29.100000381469727
2023-06-12,PETR4,30.809999465942383,30.989999771118164,30.040000915527344,30.219999313354492
2023-06-13,PETR4,28.860000610351562,29.239999771118164,28.59000015258789,29.239999771118164
2023-06-14,PETR4,30.100000381469727,30.100000381469727,28.8799991607666,28.940000534057617
2023-06-15,PETR4,29.389999389648438,30.850000381469727,29.280000686645508,30.200000762939453
2023-06-16,PETR4,29.639999389648438,29.920000076293945,29.040000915527344,29.229999542236328
2023-06-19,PETR4,30.420000076293945,30.459999084472656,29.549999237060547,29.6299991607666
2023-06-20,PETR4,30.56999969482422,30.75,29.899999618530273,30.299999237060547
2023-06-21,PETR4,31.850000381469727,32.0,30.850000381469727,30.93000030517578
2023-06-22,PETR4,31.450000762939453,31.690000534057617,31.079999923706055,31.459999084472656
2023-06-23,PETR4,30.15999984741211,31.280000686645508,29.889999389648438,31.200000762939453
2023-06-26,PETR4,30.84000015258789,31.049999237060547,30.1200008392334,30.1200008392334
2023-06-27,PETR4,30.600000381469727,31.200000762939453,30.34000015258789,30.93000030517578
2023-06-28,PETR4,30.889999389648438,31.18000030517578,30.549999237060547,30.579999923706055
2023-06-29,PETR4,31.030000686645508,31.1200008392334,30.760000228881836,31.0
2023-06-30,PETR4,29.530000686645508,31.079999923706055,29.31999969482422,31.0
2023-07-03,PETR4,30.079999923706055,30.18000030517578,29.719999313354492,29.719999313354492
2023-07-04,PETR4,30.149999618530273,30.389999389648438,29.959999084472656,29.959999084472656
2023-07-05,PETR4,30.110000610351562,30.549999237060547,29.65999984741211,30.15999984741211
2023-07-06,PETR4,29.649999618530273,30.0,29.149999618530273,29.850000381469727
2023-07-07,PETR4,29.5,30.200000762939453,29.360000610351562,29.760000228881836
2023-07-10,PETR4,29.549999237060547,29.670000076293945,29.010000228881836,29.110000610351562
2023-07-11,PETR4,29.149999618530273,29.530000686645508,29.0,29.530000686645508
2023-07-12,PETR4,29.170000076293945,29.770000457763672,29.139999389648438,29.200000762939453
2023-07-13,PETR4,29.6299991607666,29.719999313354492,29.040000915527344,29.06999969482422
2023-07-14,PETR4,29.049999237060547,29.579999923706055,28.860000610351562,29.5
2023-07-17,PETR4,28.989999771118164,29.09000015258789,27.950000762939453,28.40999984741211
2023-07-18,PETR4,28.829999923706055,29.200000762939453,28.709999084472656,29.0
2023-07-19,PETR4,29.100000381469727,29.1299991607666,28.56999969482422,28.809999465942383
2023-07-20,PETR4,29.1299991607666,29.350000381469727,28.8799991607666,29.06999969482422
2023-07-21,PETR4,29.68000030517578,29.860000610351562,29.1299991607666,29.149999618530273
2023-07-24,PETR4,30.299999237060547,30.40999984741211,29.760000228881836,29.799999237060547
2023-07-25,PETR4,31.0,31.049999237060547,30.200000762939453,30.5
2023-07-26,PETR4,31.0,31.219999313354492,30.6299991607666,30.950000762939453
2023-07-27,PETR4,29.389999389648438,30.889999389648438,29.3799991607666,30.850000381469727
2023-07-28,PETR4,29.760000228881836,29.950000762939453,29.31999969482422,29.43000030517578
2023-07-31,PETR4,31.110000610351562,31.149999618530273,30.299999237060547,30.299999237060547
2023-08-01,PETR4,30.600000381469727,31.09000015258789,29.950000762939453,31.09000015258789
2023-08-02,PETR4,30.530000686645508,30.579999923706055,29.799999237060547,30.510000228881836
2023-08-03,PETR4,30.920000076293945,31.1299991607666,30.6200008392334,30.93000030517578
2023-08-04,PETR4,30.0,31.139999389648438,29.739999771118164,30.700000762939453
2023-08-07,PETR4,30.190000534057617,30.5,29.860000610351562,29.860000610351562
2023-08-08,PETR4,30.219999313354492,30.389999389648438,29.719999313354492,29.90999984741211
2023-08-09,PETR4,30.459999084472656,30.719999313354492,30.15999984741211,30.209999084472656
2023-08-10,PETR4,30.6299991607666,30.860000610351562,30.1200008392334,30.299999237060547
2023-08-11,PETR4,30.559999465942383,31.040000915527344,30.15999984741211,30.610000610351562
2023-08-14,PETR4,30.639999389648438,30.739999771118164,30.270000457763672,30.479999542236328
2023-08-15,PETR4,30.860000610351562,32.150001525878906,30.850000381469727,32.04999923706055
2023-08-16,PETR4,31.540000915527344,31.979999542236328,30.8799991607666,31.0
2023-08-17,PETR4,31.440000534057617,32.189998626708984,31.309999465942383,31.75
2023-08-18,PETR4,31.520000457763672,31.68000030517578,31.18000030517578,31.40999984741211
2023-08-21,PETR4,31.299999237060547,32.029998779296875,30.969999313354492,31.700000762939453
2023-08-22,PETR4,30.610000610351562,30.610000610351562,30.239999771118164,30.5
2023-08-23,PETR4,32.2400016784668,32.2400016784668,31.09000015258789,31.200000762939453
2023-08-24,PETR4,32.189998626708984,32.720001220703125,31.84000015258789,32.27000045776367
2023-08-25,PETR4,31.969999313354492,32.470001220703125,31.799999237060547,32.380001068115234
2023-08-28,PETR4,32.33000183105469,32.34000015258789,31.860000610351562,32.099998474121094
2023-08-29,PETR4,32.400001525878906,32.5,31.989999771118164,32.400001525878906
2023-08-30,PETR4,32.619998931884766,32.70000076293945,32.29999923706055,32.40999984741211
2023-08-31,PETR4,31.940000534057617,32.790000915527344,31.8799991607666,32.709999084472656
2023-09-01,PETR4,32.630001068115234,32.689998626708984,31.959999084472656,32.209999084472656
2023-09-04,PETR4,32.290000915527344,32.720001220703125,32.209999084472656,32.68000030517578
2023-09-05,PETR4,33.369998931884766,33.4900016784668,32.220001220703125,32.27000045776367
2023-09-06,PETR4,33.52000045776367,33.79999923706055,33.220001220703125,33.349998474121094
2023-09-08,PETR4,33.400001525878906,33.66999816894531,33.2599983215332,33.47999954223633
2023-09-11,PETR4,33.369998931884766,33.689998626708984,33.33000183105469,33.470001220703125
2023-09-12,PETR4,33.529998779296875,33.779998779296875,33.4900016784668,33.54999923706055
2023-09-13,PETR4,33.029998779296875,33.70000076293945,33.029998779296875,33.650001525878906
2023-09-14,PETR4,33.869998931884766,34.0,33.099998474121094,33.099998474121094
2023-09-15,PETR4,33.88999938964844,33.9900016784668,33.61000061035156,33.869998931884766
2023-09-18,PETR4,34.130001068115234,34.709999084472656,33.849998474121094,34.0
2023-09-19,PETR4,34.209999084472656,34.619998931884766,34.06999969482422,34.209999084472656
2023-09-20,PETR4,34.290000915527344,34.61000061035156,34.0099983215332,34.150001525878906
2023-09-21,PETR4,33.7599983215332,34.290000915527344,33.630001068115234,34.0
2023-09-22,PETR4,34.029998779296875,34.189998626708984,33.810001373291016,34.02000045776367
2023-09-25,PETR4,34.25,34.33000183105469,33.93000030517578,33.95000076293945
2023-09-26,PETR4,33.459999084472656,34.09000015258789,33.459999084472656,34.0
2023-09-27,PETR4,34.52000045776367,34.52000045776367,33.779998779296875,33.86000061035156
2023-09-28,PETR4,34.45000076293945,34.540000915527344,34.209999084472656,34.45000076293945
2023-09-29,PETR4,34.63999938964844,34.689998626708984,34.25,34.5
2023-10-02,PETR4,34.119998931884766,34.77000045776367,33.93000030517578,34.54999923706055
2023-10-03,PETR4,33.970001220703125,34.22999954223633,33.630001068115234,33.970001220703125
2023-10-04,PETR4,32.619998931884766,33.709999084472656,32.38999938964844,33.599998474121094
2023-10-05,PETR4,32.72999954223633,32.939998626708984,32.290000915527344,32.5099983215332
2023-10-06,PETR4,33.5099983215332,33.81999969482422,32.33000183105469,32.599998474121094
2023-10-09,PETR4,34.95000076293945,35.08000183105469,34.099998474121094,34.150001525878906
2023-10-10,PETR4,35.209999084472656,35.34000015258789,34.7400016784668,34.900001525878906
2023-10-11,PETR4,35.119998931884766,35.25,34.4900016784668,35.13999938964844
2023-10-13,PETR4,36.279998779296875,36.36000061035156,35.779998779296875,35.790000915527344
2023-10-16,PETR4,36.68000030517578,36.79999923706055,35.959999084472656,36.400001525878906
2023-10-17,PETR4,37.66999816894531,37.66999816894531,36.630001068115234,36.70000076293945
2023-10-18,PETR4,38.52000045776367,38.61000061035156,37.90999984741211,37.9900016784668
2023-10-19,PETR4,38.34000015258789,38.470001220703125,37.91999816894531,38.36000061035156
2023-10-20,PETR4,37.849998474121094,38.86000061035156,37.38999938964844,38.689998626708984
2023-10-23,PETR4,35.349998474121094,36.79999923706055,35.2599983215332,36.59000015258789
2023-10-24,PETR4,35.880001068115234,36.189998626708984,35.16999816894531,35.650001525878906
2023-10-25,PETR4,36.06999969482422,36.279998779296875,35.75,36.08000183105469
2023-10-26,PETR4,35.70000076293945,35.93000030517578,35.150001525878906,35.849998474121094
2023-10-27,PETR4,35.439998626708984,36.459999084472656,35.16999816894531,36.209999084472656
2023-10-30,PETR4,35.08000183105469,35.720001220703125,34.86000061035156,35.58000183105469
2023-10-31,PETR4,34.7400016784668,35.18000030517578,34.4900016784668,35.0099983215332
2023-11-01,PETR4,35.119998931884766,35.540000915527344,34.900001525878906,35.02000045776367
2023-11-03,PETR4,35.540000915527344,35.88999938964844,35.04999923706055,35.790000915527344
2023-11-06,PETR4,35.5099983215332,36.130001068115234,35.5099983215332,35.7400016784668
2023-11-07,PETR4,34.91999816894531,35.41999816894531,34.65999984741211,35.06999969482422
2023-11-08,PETR4,34.16999816894531,34.79999923706055,33.90999984741211,34.599998474121094
2023-11-09,PETR4,34.880001068115234,35.150001525878906,34.36000061035156,34.5
2023-11-10,PETR4,34.720001220703125,35.060001373291016,34.5099983215332,34.65999984741211
2023-11-13,PETR4,35.689998626708984,35.75,34.66999816894531,34.68000030517578
2023-11-14,PETR4,36.18000030517578,36.2400016784668,35.4900016784668,35.689998626708984
2023-11-16,PETR4,35.54999923706055,36.4900016784668,35.5,35.97999954223633
2023-11-17,PETR4,36.709999084472656,36.91999816894531,35.81999969482422,35.83000183105469
2023-11-20,PETR4,36.7400016784668,37.220001220703125,36.27000045776367,36.77000045776367
2023-11-21,PETR4,36.36000061035156,36.540000915527344,35.90999984741211,36.540000915527344
2023-11-22,PETR4,35.15999984741211,35.15999984741211,34.25,34.900001525878906
2023-11-23,PETR4,35.16999816894531,35.25,34.810001373291016,35.130001068115234
2023-11-24,PETR4,35.27000045776367,35.81999969482422,34.709999084472656,34.97999954223633
2023-11-27,PETR4,35.06999969482422,35.400001525878906,34.75,35.0
2023-11-28,PETR4,35.599998474121094,35.619998931884766,35.150001525878906,35.16999816894531
2023-11-29,PETR4,35.22999954223633,36.029998779296875,34.939998626708984,35.900001525878906
2023-11-30,PETR4,35.90999984741211,35.91999816894531,35.2400016784668,35.459999084472656
2023-12-01,PETR4,35.66999816894531,36.0,35.529998779296875,35.720001220703125
2023-12-04,PETR4,34.90999984741211,35.54999923706055,34.849998474121094,35.439998626708984
2023-12-05,PETR4,34.75,35.16999816894531,34.68000030517578,34.91999816894531
2023-12-06,PETR4,33.5,34.79999923706055,33.5,34.54999923706055
2023-12-07,PETR4,33.41999816894531,34.18000030517578,33.040000915527344,33.650001525878906
2023-12-08,PETR4,34.4900016784668,34.540000915527344,33.47999954223633,33.709999084472656
2023-12-11,PETR4,34.36000061035156,34.689998626708984,34.2400016784668,34.459999084472656
2023-12-12,PETR4,34.08000183105469,34.599998474121094,33.79999923706055,34.54999923706055
2023-12-13,PETR4,34.56999969482422,34.619998931884766,34.13999938964844,34.209999084472656
2023-12-14,PETR4,35.31999969482422,35.7400016784668,34.84000015258789,35.0
2023-12-15,PETR4,35.400001525878906,35.790000915527344,35.0,35.279998779296875
2023-12-18,PETR4,35.84000015258789,36.29999923706055,35.58000183105469,35.75
2023-12-19,PETR4,36.25,36.25,35.810001373291016,35.959999084472656
2023-12-20,PETR4,36.380001068115234,36.7400016784668,36.290000915527344,36.369998931884766
2023-12-21,PETR4,36.38999938964844,36.68000030517578,36.06999969482422,36.66999816894531
2023-12-22,PETR4,36.7400016784668,36.79999923706055,36.369998931884766,36.5
2023-12-26,PETR4,37.33000183105469,37.369998931884766,36.83000183105469,36.86000061035156
2023-12-27,PETR4,37.36000061035156,37.43000030517578,37.130001068115234,37.31999969482422
2023-12-28,PETR4,37.2400016784668,37.36000061035156,37.040000915527344,37.22999954223633
2024-01-02,PETR4,37.779998779296875,37.88999938964844,37.400001525878906,37.439998626708984
2024-01-03,PETR4,38.959999084472656,39.119998931884766,37.66999816894531,37.79999923706055
2024-01-04,PETR4,38.630001068115234,39.349998474121094,38.5099983215332,39.119998931884766
2024-01-05,PETR4,38.720001220703125,39.13999938964844,38.40999984741211,38.869998931884766
2024-01-08,PETR4,37.7400016784668,38.38999938964844,37.720001220703125,38.380001068115234
2023-01-09,WEGE3,37.91999816894531,38.29999923706055,37.220001220703125,38.0
2023-01-10,WEGE3,37.54999923706055,37.90999984741211,37.08000183105469,37.52000045776367
2023-01-11,WEGE3,38.599998474121094,38.70000076293945,37.20000076293945,37.4900016784668
2023-01-12,WEGE3,38.5099983215332,38.9900016784668,38.20000076293945,38.540000915527344
2023-01-13,WEGE3,38.970001220703125,39.36000061035156,37.91999816894531,38.189998626708984
2023-01-16,WEGE3,37.689998626708984,39.099998474121094,37.27000045776367,39.099998474121094
2023-01-17,WEGE3,38.310001373291016,38.56999969482422,37.7400016784668,37.95000076293945
2023-01-18,WEGE3,37.9900016784668,38.790000915527344,37.79999923706055,38.59000015258789
2023-01-19,WEGE3,37.90999984741211,38.209999084472656,37.560001373291016,37.720001220703125
2023-01-20,WEGE3,37.33000183105469,37.90999984741211,37.209999084472656,37.88999938964844
2023-01-23,WEGE3,37.369998931884766,38.11000061035156,37.15999984741211,37.31999969482422
2023-01-24,WEGE3,37.209999084472656,37.7400016784668,36.77000045776367,37.7400016784668
2023-01-25,WEGE3,38.720001220703125,39.33000183105469,37.11000061035156,37.150001525878906
2023-01-26,WEGE3,38.209999084472656,38.959999084472656,36.959999084472656,38.77000045776367
2023-01-27,WEGE3,37.90999984741211,38.56999969482422,37.16999816894531,38.11000061035156
2023-01-30,WEGE3,37.349998474121094,38.029998779296875,37.09000015258789,38.0
2023-01-31,WEGE3,38.2400016784668,38.7400016784668,37.220001220703125,37.279998779296875
2023-02-01,WEGE3,38.38999938964844,38.75,37.720001220703125,38.189998626708984
2023-02-02,WEGE3,38.040000915527344,38.97999954223633,37.709999084472656,38.130001068115234
2023-02-03,WEGE3,37.90999984741211,38.599998474121094,37.709999084472656,37.84000015258789
2023-02-06,WEGE3,37.56999969482422,38.029998779296875,37.220001220703125,37.84000015258789
2023-02-07,WEGE3,37.66999816894531,37.88999938964844,37.22999954223633,37.5
2023-02-08,WEGE3,37.65999984741211,38.31999969482422,37.33000183105469,37.650001525878906
2023-02-09,WEGE3,37.97999954223633,38.5099983215332,37.599998474121094,37.7400016784668
2023-02-10,WEGE3,38.599998474121094,38.7599983215332,37.5,37.88999938964844
2023-02-13,WEGE3,38.58000183105469,39.18000030517578,38.36000061035156,38.52000045776367
2023-02-14,WEGE3,38.36000061035156,39.349998474121094,38.16999816894531,38.630001068115234
2023-02-15,WEGE3,38.880001068115234,39.34000015258789,38.5,38.880001068115234
2023-02-16,WEGE3,38.779998779296875,38.959999084472656,37.79999923706055,38.720001220703125
2023-02-17,WEGE3,39.619998931884766,39.75,38.41999816894531,38.54999923706055
2023-02-22,WEGE3,38.400001525878906,39.66999816894531,38.36000061035156,39.5
2023-02-23,WEGE3,39.2400016784668,39.540000915527344,38.25,38.4900016784668
2023-02-24,WEGE3,38.86000061035156,39.279998779296875,38.349998474121094,39.04999923706055
2023-02-27,WEGE3,38.79999923706055,39.36000061035156,38.470001220703125,38.91999816894531
2023-02-28,WEGE3,39.15999984741211,39.34000015258789,38.77000045776367,38.790000915527344
2023-03-01,WEGE3,39.380001068115234,39.880001068115234,38.689998626708984,39.15999984741211
2023-03-02,WEGE3,39.15999984741211,39.7599983215332,38.9900016784668,39.369998931884766
2023-03-03,WEGE3,38.84000015258789,39.720001220703125,38.720001220703125,39.36000061035156
2023-03-06,WEGE3,39.43000030517578,39.59000015258789,38.70000076293945,38.9900016784668
2023-03-07,WEGE3,39.59000015258789,39.77000045776367,39.13999938964844,39.29999923706055
2023-03-08,WEGE3,40.15999984741211,40.31999969482422,39.41999816894531,39.599998474121094
2023-03-09,WEGE3,39.86000061035156,40.29999923706055,39.86000061035156,40.0
2023-03-10,WEGE3,39.540000915527344,39.9900016784668,39.31999969482422,39.81999969482422
2023-03-13,WEGE3,39.790000915527344,40.290000915527344,39.060001373291016,39.209999084472656
2023-03-14,WEGE3,40.2599983215332,40.349998474121094,39.70000076293945,39.70000076293945
2023-03-15,WEGE3,40.06999969482422,40.470001220703125,39.650001525878906,40.04999923706055
2023-03-16,WEGE3,40.29999923706055,40.38999938964844,39.83000183105469,40.11000061035156
2023-03-17,WEGE3,39.869998931884766,40.22999954223633,39.720001220703125,40.11000061035156
2023-03-20,WEGE3,39.70000076293945,40.34000015258789,39.58000183105469,40.099998474121094
2023-03-21,WEGE3,39.959999084472656,40.279998779296875,39.79999923706055,39.84000015258789
2023-03-22,WEGE3,39.52000045776367,40.25,39.380001068115234,39.970001220703125
2023-03-23,WEGE3,39.88999938964844,40.36000061035156,39.529998779296875,39.599998474121094
2023-03-24,WEGE3,40.5099983215332,40.61000061035156,39.810001373291016,40.0
2023-03-27,WEGE3,41.189998626708984,41.310001373291016,40.54999923706055,40.779998779296875
2023-03-28,WEGE3,41.369998931884766,41.869998931884766,41.130001068115234,41.16999816894531
2023-03-29,WEGE3,41.72999954223633,42.150001525878906,41.27000045776367,41.47999954223633
2023-03-30,WEGE3,41.86000061035156,42.029998779296875,41.060001373291016,41.790000915527344
2023-03-31,WEGE3,40.54999923706055,42.369998931884766,40.45000076293945,41.91999816894531
2023-04-03,WEGE3,39.59000015258789,40.790000915527344,39.29999923706055,40.790000915527344
2023-04-04,WEGE3,39.630001068115234,39.939998626708984,39.25,39.86000061035156
2023-04-05,WEGE3,38.75,39.93000030517578,38.459999084472656,39.709999084472656
2023-04-06,WEGE3,38.61000061035156,39.18000030517578,38.540000915527344,38.7400016784668
2023-04-10,WEGE3,38.38999938964844,38.7599983215332,38.16999816894531,38.5099983215332
2023-04-11,WEGE3,39.09000015258789,39.33000183105469,38.63999938964844,38.650001525878906
2023-04-12,WEGE3,39.7400016784668,40.43000030517578,39.18000030517578,39.2599983215332
2023-04-13,WEGE3,39.369998931884766,40.060001373291016,39.130001068115234,39.790000915527344
2023-04-14,WEGE3,38.7599983215332,39.02000045776367,38.310001373291016,38.93000030517578
2023-04-17,WEGE3,39.47999954223633,39.5,38.81999969482422,38.84000015258789
2023-04-18,WEGE3,39.27000045776367,39.720001220703125,38.849998474121094,39.5099983215332
2023-04-19,WEGE3,39.11000061035156,39.5099983215332,38.91999816894531,39.08000183105469
2023-04-20,WEGE3,40.25,40.38999938964844,38.900001525878906,39.33000183105469
2023-04-24,WEGE3,40.349998474121094,40.7599983215332,39.95000076293945,40.349998474121094
2023-04-25,WEGE3,40.540000915527344,41.16999816894531,40.310001373291016,40.70000076293945
2023-04-26,WEGE3,40.11000061035156,41.38999938964844,39.68000030517578,41.06999969482422
2023-04-27,WEGE3,40.349998474121094,40.45000076293945,39.66999816894531,40.18000030517578
2023-04-28,WEGE3,41.119998931884766,41.119998931884766,40.11000061035156,40.11000061035156
2023-05-02,WEGE3,40.81999969482422,41.56999969482422,40.36000061035156,40.68000030517578
2023-05-03,WEGE3,39.900001525878906,40.9900016784668,39.869998931884766,40.65999984741211
2023-05-04,WEGE3,39.29999923706055,40.20000076293945,39.16999816894531,40.0
2023-05-05,WEGE3,39.220001220703125,39.529998779296875,38.79999923706055,39.15999984741211
2023-05-08,WEGE3,39.20000076293945,39.54999923706055,38.81999969482422,39.43000030517578
2023-05-09,WEGE3,39.86000061035156,39.91999816894531,39.189998626708984,39.2400016784668
2023-05-10,WEGE3,39.349998474121094,40.02000045776367,39.34000015258789,39.79999923706055
2023-05-11,WEGE3,39.31999969482422,39.5,38.869998931884766,39.18000030517578
2023-05-12,WEGE3,38.90999984741211,39.630001068115234,38.79999923706055,39.099998474121094
2023-05-15,WEGE3,39.63999938964844,39.77000045776367,38.970001220703125,39.0
2023-05-16,WEGE3,39.70000076293945,40.06999969482422,39.40999984741211,39.4900016784668
2023-05-17,WEGE3,39.459999084472656,40.060001373291016,39.369998931884766,39.88999938964844
2023-05-18,WEGE3,39.29999923706055,39.58000183105469,39.08000183105469,39.45000076293945
2023-05-19,WEGE3,40.130001068115234,40.47999954223633,39.09000015258789,39.470001220703125
2023-05-22,WEGE3,40.36000061035156,40.880001068115234,39.849998474121094,39.900001525878906
2023-05-23,WEGE3,40.220001220703125,40.869998931884766,40.02000045776367,40.29999923706055
2023-05-24,WEGE3,39.81999969482422,40.33000183105469,39.75,40.099998474121094
2023-05-25,WEGE3,39.040000915527344,40.279998779296875,38.849998474121094,40.2599983215332
2023-05-26,WEGE3,39.5099983215332,39.630001068115234,39.04999923706055,39.380001068115234
2023-05-29,WEGE3,38.880001068115234,39.540000915527344,38.72999954223633,39.5099983215332
2023-05-30,WEGE3,38.34000015258789,39.2599983215332,38.22999954223633,39.18000030517578
2023-05-31,WEGE3,37.61000061035156,38.34000015258789,37.61000061035156,38.209999084472656
2023-06-01,WEGE3,37.189998626708984,38.0,37.189998626708984,37.83000183105469
2023-06-02,WEGE3,37.66999816894531,37.900001525878906,36.93000030517578,37.279998779296875
2023-06-05,WEGE3,37.630001068115234,38.119998931884766,37.439998626708984,37.779998779296875
2023-06-06,WEGE3,38.20000076293945,38.33000183105469,37.83000183105469,37.880001068115234
2023-06-07,WEGE3,38.150001525878906,38.45000076293945,37.93000030517578,38.38999938964844
2023-06-09,WEGE3,37.79999923706055,38.79999923706055,37.72999954223633,38.2599983215332
2023-06-12,WEGE3,37.75,38.02000045776367,37.61000061035156,37.970001220703125
2023-06-13,WEGE3,37.349998474121094,37.93000030517578,37.22999954223633,37.900001525878906
2023-06-14,WEGE3,37.869998931884766,37.869998931884766,37.40999984741211,37.56999969482422
2023-06-15,WEGE3,37.84000015258789,37.9900016784668,37.560001373291016,37.90999984741211
2023-06-16,WEGE3,37.849998474121094,38.29999923706055,37.70000076293945,37.709999084472656
2023-06-19,WEGE3,37.66999816894531,38.189998626708984,37.56999969482422,37.869998931884766
2023-06-20,WEGE3,36.95000076293945,37.65999984741211,36.880001068115234,37.65999984741211
2023-06-21,WEGE3,36.45000076293945,37.130001068115234,36.31999969482422,37.029998779296875
2023-06-22,WEGE3,36.400001525878906,36.560001373291016,36.099998474121094,36.2599983215332
2023-06-23,WEGE3,36.599998474121094,36.599998474121094,36.13999938964844,36.4900016784668
2023-06-26,WEGE3,36.400001525878906,36.66999816894531,35.81999969482422,36.650001525878906
2023-06-27,WEGE3,36.5,36.650001525878906,35.970001220703125,36.470001220703125
2023-06-28,WEGE3,36.58000183105469,36.779998779296875,36.279998779296875,36.63999938964844
2023-06-29,WEGE3,36.84000015258789,37.0,36.43000030517578,36.72999954223633
2023-06-30,WEGE3,37.75,38.040000915527344,36.7599983215332,37.08000183105469
2023-07-03,WEGE3,37.689998626708984,37.95000076293945,37.34000015258789,37.869998931884766
2023-07-04,WEGE3,37.189998626708984,37.790000915527344,37.189998626708984,37.70000076293945
2023-07-05,WEGE3,37.5,37.720001220703125,37.08000183105469,37.150001525878906
2023-07-06,WEGE3,36.88999938964844,37.58000183105469,36.65999984741211,37.5
2023-07-07,WEGE3,37.0,37.689998626708984,36.75,36.81999969482422
2023-07-10,WEGE3,36.290000915527344,37.0099983215332,36.209999084472656,36.959999084472656
2023-07-11,WEGE3,35.95000076293945,36.349998474121094,35.52000045776367,36.290000915527344
2023-07-12,WEGE3,36.060001373291016,36.220001220703125,35.83000183105469,36.0099983215332
2023-07-13,WEGE3,36.060001373291016,36.56999969482422,35.97999954223633,36.0099983215332
2023-07-14,WEGE3,36.0,36.36000061035156,35.86000061035156,36.119998931884766
2023-07-17,WEGE3,35.29999923706055,35.970001220703125,35.04999923706055,35.95000076293945
2023-07-18,WEGE3,35.939998626708984,36.45000076293945,35.33000183105469,35.349998474121094
2023-07-19,WEGE3,37.90999984741211,38.09000015258789,35.72999954223633,37.0
2023-07-20,WEGE3,38.15999984741211,38.380001068115234,37.34000015258789,38.04999923706055
2023-07-21,WEGE3,38.88999938964844,39.150001525878906,37.91999816894531,38.189998626708984
2023-07-24,WEGE3,41.540000915527344,41.68000030517578,39.099998474121094,39.119998931884766
2023-07-25,WEGE3,40.5,42.08000183105469,40.47999954223633,41.68000030517578
2023-07-26,WEGE3,40.47999954223633,40.86000061035156,40.0099983215332,40.43000030517578
2023-07-27,WEGE3,40.349998474121094,41.040000915527344,40.06999969482422,40.47999954223633
2023-07-28,WEGE3,40.31999969482422,41.43000030517578,40.189998626708984,40.900001525878906
2023-07-31,WEGE3,39.91999816894531,40.290000915527344,39.810001373291016,40.290000915527344
2023-08-01,WEGE3,39.86000061035156,40.13999938964844,39.599998474121094,39.91999816894531
2023-08-02,WEGE3,40.029998779296875,40.06999969482422,39.400001525878906,39.70000076293945
2023-08-03,WEGE3,40.43000030517578,40.72999954223633,39.959999084472656,40.04999923706055
2023-08-04,WEGE3,40.849998474121094,41.45000076293945,40.31999969482422,40.43000030517578
2023-08-07,WEGE3,40.93000030517578,41.08000183105469,40.40999984741211,40.5
2023-08-08,WEGE3,40.65999984741211,40.93000030517578,40.38999938964844,40.63999938964844
2023-08-09,WEGE3,40.779998779296875,41.06999969482422,40.369998931884766,40.4900016784668
2023-08-10,WEGE3,40.2400016784668,41.15999984741211,39.869998931884766,40.779998779296875
2023-08-11,WEGE3,39.79999923706055,40.33000183105469,39.5,40.27000045776367
2023-08-14,WEGE3,39.310001373291016,39.95000076293945,39.02000045776367,39.880001068115234
2023-08-15,WEGE3,39.349998474121094,39.779998779296875,39.15999984741211,39.220001220703125
2023-08-16,WEGE3,37.61000061035156,39.31999969482422,37.439998626708984,39.31999969482422
2023-08-17,WEGE3,36.90999984741211,37.9900016784668,36.52000045776367,37.9900016784668
2023-08-18,WEGE3,36.2599983215332,36.7400016784668,35.900001525878906,36.7400016784668
2023-08-21,WEGE3,36.040000915527344,36.41999816894531,35.849998474121094,36.25
2023-08-22,WEGE3,36.470001220703125,36.54999923706055,35.86000061035156,36.040000915527344
2023-08-23,WEGE3,36.45000076293945,36.68000030517578,35.95000076293945,36.5099983215332
2023-08-24,WEGE3,35.97999954223633,36.45000076293945,35.63999938964844,36.45000076293945
2023-08-25,WEGE3,36.36000061035156,36.70000076293945,35.849998474121094,35.97999954223633
2023-08-28,WEGE3,36.619998931884766,36.68000030517578,36.150001525878906,36.52000045776367
2023-08-29,WEGE3,36.4900016784668,36.959999084472656,36.34000015258789,36.7599983215332
2023-08-30,WEGE3,36.29999923706055,36.709999084472656,36.11000061035156,36.650001525878906
2023-08-31,WEGE3,35.880001068115234,36.45000076293945,35.790000915527344,36.209999084472656
2023-09-01,WEGE3,35.95000076293945,36.209999084472656,35.56999969482422,35.7599983215332
2023-09-04,WEGE3,36.130001068115234,36.130001068115234,35.58000183105469,36.099998474121094
2023-09-05,WEGE3,35.90999984741211,36.34000015258789,35.7400016784668,36.0
2023-09-06,WEGE3,35.54999923706055,36.310001373291016,35.54999923706055,35.939998626708984
2023-09-08,WEGE3,35.400001525878906,35.630001068115234,35.11000061035156,35.54999923706055
2023-09-11,WEGE3,35.279998779296875,35.68000030517578,34.810001373291016,35.56999969482422
2023-09-12,WEGE3,35.650001525878906,35.650001525878906,35.08000183105469,35.279998779296875
2023-09-13,WEGE3,36.93000030517578,37.720001220703125,35.86000061035156,35.959999084472656
2023-09-14,WEGE3,36.08000183105469,37.220001220703125,36.08000183105469,37.04999923706055
2023-09-15,WEGE3,36.099998474121094,36.5,35.95000076293945,36.099998474121094
2023-09-18,WEGE3,35.790000915527344,36.279998779296875,35.61000061035156,36.22999954223633
2023-09-19,WEGE3,35.97999954223633,36.31999969482422,35.650001525878906,35.810001373291016
2023-09-20,WEGE3,35.790000915527344,36.36000061035156,35.790000915527344,36.040000915527344
2023-09-21,WEGE3,34.97999954223633,35.619998931884766,34.84000015258789,35.52000045776367
2023-09-22,WEGE3,34.59000015258789,35.15999984741211,34.59000015258789,35.08000183105469
2023-09-25,WEGE3,36.130001068115234,36.400001525878906,35.0,35.20000076293945
2023-09-26,WEGE3,36.08000183105469,36.220001220703125,35.11000061035156,35.189998626708984
2023-09-27,WEGE3,36.02000045776367,36.720001220703125,35.7599983215332,36.18000030517578
2023-09-28,WEGE3,36.38999938964844,36.56999969482422,35.810001373291016,36.099998474121094
2023-09-29,WEGE3,36.27000045776367,36.709999084472656,36.150001525878906,36.619998931884766
2023-10-02,WEGE3,36.150001525878906,36.540000915527344,35.9900016784668,36.27000045776367
2023-10-03,WEGE3,35.16999816894531,36.130001068115234,35.040000915527344,36.02000045776367
2023-10-04,WEGE3,35.15999984741211,35.54999923706055,35.04999923706055,35.29999923706055
2023-10-05,WEGE3,34.97999954223633,35.5099983215332,34.880001068115234,35.29999923706055
2023-10-06,WEGE3,34.79999923706055,35.150001525878906,34.2599983215332,34.79999923706055
2023-10-09,WEGE3,34.849998474121094,35.029998779296875,34.540000915527344,34.68000030517578
2023-10-10,WEGE3,35.29999923706055,35.40999984741211,34.88999938964844,34.9900016784668
2023-10-11,WEGE3,35.16999816894531,35.560001373291016,34.90999984741211,35.130001068115234
2023-10-13,WEGE3,34.540000915527344,35.150001525878906,34.540000915527344,35.0099983215332
2023-10-16,WEGE3,34.650001525878906,35.08000183105469,34.63999938964844,34.900001525878906
2023-10-17,WEGE3,34.279998779296875,34.869998931884766,34.279998779296875,34.630001068115234
2023-10-18,WEGE3,34.290000915527344,34.91999816894531,34.11000061035156,34.2400016784668
2023-10-19,WEGE3,33.939998626708984,34.38999938964844,33.36000061035156,34.310001373291016
2023-10-20,WEGE3,33.810001373291016,34.33000183105469,33.709999084472656,33.869998931884766
2023-10-23,WEGE3,33.900001525878906,34.15999984741211,33.400001525878906,33.52000045776367
2023-10-24,WEGE3,35.0099983215332,35.099998474121094,34.220001220703125,34.540000915527344
2023-10-25,WEGE3,31.469999313354492,33.70000076293945,31.469999313354492,33.52000045776367
2023-10-26,WEGE3,32.65999984741211,33.290000915527344,31.520000457763672,31.829999923706055
2023-10-27,WEGE3,31.6299991607666,33.15999984741211,31.479999542236328,32.79999923706055
2023-10-30,WEGE3,32.29999923706055,32.470001220703125,31.729999542236328,31.979999542236328
2023-10-31,WEGE3,33.0099983215332,33.220001220703125,32.36000061035156,32.459999084472656
2023-11-01,WEGE3,33.08000183105469,33.290000915527344,32.79999923706055,32.95000076293945
2023-11-03,WEGE3,33.529998779296875,34.02000045776367,33.29999923706055,33.45000076293945
2023-11-06,WEGE3,33.209999084472656,33.95000076293945,33.06999969482422,33.75
2023-11-07,WEGE3,32.779998779296875,33.279998779296875,32.630001068115234,33.209999084472656
2023-11-08,WEGE3,32.45000076293945,32.869998931884766,32.2599983215332,32.70000076293945
2023-11-09,WEGE3,32.40999984741211,32.70000076293945,32.20000076293945,32.5099983215332
2023-11-10,WEGE3,33.16999816894531,33.40999984741211,32.45000076293945,32.560001373291016
2023-11-13,WEGE3,32.720001220703125,33.08000183105469,32.45000076293945,33.08000183105469
2023-11-14,WEGE3,33.459999084472656,33.599998474121094,32.70000076293945,32.95000076293945
2023-11-16,WEGE3,33.47999954223633,33.619998931884766,33.18000030517578,33.459999084472656
2023-11-17,WEGE3,33.2599983215332,33.66999816894531,32.849998474121094,33.5099983215332
2023-11-20,WEGE3,33.47999954223633,33.540000915527344,33.040000915527344,33.2599983215332
2023-11-21,WEGE3,33.65999984741211,33.65999984741211,33.209999084472656,33.45000076293945
2023-11-22,WEGE3,34.099998474121094,34.34000015258789,33.68000030517578,33.70000076293945
2023-11-23,WEGE3,34.060001373291016,34.119998931884766,33.84000015258789,34.099998474121094
2023-11-24,WEGE3,33.720001220703125,34.189998626708984,33.720001220703125,34.0
2023-11-27,WEGE3,34.13999938964844,34.290000915527344,33.22999954223633,33.720001220703125
2023-11-28,WEGE3,34.369998931884766,34.56999969482422,33.83000183105469,34.130001068115234
2023-11-29,WEGE3,34.130001068115234,34.56999969482422,34.099998474121094,34.400001525878906
2023-11-30,WEGE3,34.189998626708984,34.33000183105469,33.7400016784668,34.16999816894531
2023-12-01,WEGE3,34.779998779296875,34.88999938964844,34.16999816894531,34.189998626708984
2023-12-04,WEGE3,34.7599983215332,35.279998779296875,34.29999923706055,34.349998474121094
2023-12-05,WEGE3,35.29999923706055,35.540000915527344,34.7599983215332,34.77000045776367
2023-12-06,WEGE3,35.38999938964844,36.099998474121094,35.310001373291016,35.43000030517578
2023-12-07,WEGE3,35.36000061035156,35.79999923706055,35.02000045776367,35.47999954223633
2023-12-08,WEGE3,34.650001525878906,35.540000915527344,34.349998474121094,35.36000061035156
2023-12-11,WEGE3,34.869998931884766,35.349998474121094,34.56999969482422,34.63999938964844
2023-12-12,WEGE3,35.029998779296875,35.119998931884766,34.7599983215332,34.900001525878906
2023-12-13,WEGE3,36.060001373291016,36.150001525878906,34.619998931884766,34.880001068115234
2023-12-14,WEGE3,36.29999923706055,36.529998779296875,35.880001068115234,36.369998931884766
2023-12-15,WEGE3,36.029998779296875,36.77000045776367,36.029998779296875,36.5
2023-12-18,WEGE3,36.040000915527344,36.4900016784668,35.939998626708984,36.20000076293945
2023-12-19,WEGE3,36.41999816894531,36.619998931884766,36.04999923706055,36.119998931884766
2023-12-20,WEGE3,36.15999984741211,36.7400016784668,36.15999984741211,36.36000061035156
2023-12-21,WEGE3,36.38999938964844,36.5,36.08000183105469,36.5
2023-12-22,WEGE3,36.5099983215332,36.54999923706055,36.16999816894531,36.38999938964844
2023-12-26,WEGE3,36.720001220703125,36.91999816894531,36.45000076293945,36.56999969482422
2023-12-27,WEGE3,36.84000015258789,36.9900016784668,36.5099983215332,36.720001220703125
2023-12-28,WEGE3,36.90999984741211,37.220001220703125,36.709999084472656,36.84000015258789
2024-01-02,WEGE3,36.56999969482422,37.04999923706055,36.33000183105469,36.90999984741211
2024-01-03,WEGE3,36.849998474121094,37.290000915527344,36.380001068115234,36.380001068115234
2024-01-04,WEGE3,36.36000061035156,37.099998474121094,36.2599983215332,36.70000076293945
2024-01-05,WEGE3,35.970001220703125,36.349998474121094,35.56999969482422,36.029998779296875
2024-01-08,WEGE3,35.900001525878906,35.9900016784668,35.63999938964844,35.86000061035156
